pathogen,k,classifier,n_positive,n_total,n_features,f1_mean,f1_std,roc_mean,n_folds
Alternaria solani,2,LogisticRegression,78,312,16,0.4424,0.0498,0.5977,5
Alternaria solani,2,RandomForest,78,312,16,0.4364,0.1107,0.6794,5
Alternaria solani,2,ExtraTrees,78,312,16,0.439,0.1375,0.725,5
Alternaria solani,2,AdaBoost,78,312,16,0.425,0.0472,0.6825,5
Alternaria solani,2,GradientBoosting,78,312,16,0.4832,0.048,0.7091,5
Alternaria solani,2,XGBoost,78,312,16,0.4581,0.0561,0.6741,5
Alternaria solani,2,CatBoost,78,312,16,0.4743,0.103,0.6826,5
Alternaria solani,2,SVC_RBF,78,312,16,0.5034,0.1089,0.7573,5
Alternaria solani,2,NuSVC,78,312,16,0.5042,0.1152,0.7526,5
Alternaria solani,2,BernoulliNB,78,312,16,0.4654,0.0959,0.6504,5
Alternaria solani,2,GaussianNB,78,312,16,0.4903,0.0744,0.7392,5
Alternaria solani,2,KNN,78,312,16,0.4729,0.0519,0.6728,5
Alternaria solani,2,MLP,78,312,16,0.4531,0.0859,0.7088,5
Alternaria solani,3,LogisticRegression,78,312,64,0.3902,0.091,0.5891,5
Alternaria solani,3,RandomForest,78,312,64,0.3669,0.1752,0.6939,5
Alternaria solani,3,ExtraTrees,78,312,64,0.3424,0.1557,0.7393,5
Alternaria solani,3,AdaBoost,78,312,64,0.4589,0.0571,0.7104,5
Alternaria solani,3,GradientBoosting,78,312,64,0.4507,0.1124,0.7137,5
Alternaria solani,3,XGBoost,78,312,64,0.4972,0.0896,0.7019,5
Alternaria solani,3,CatBoost,78,312,64,0.3929,0.1355,0.7007,5
Alternaria solani,3,SVC_RBF,78,312,64,0.405,0.0967,0.7439,5
Alternaria solani,3,NuSVC,78,312,64,0.4316,0.1083,0.7499,5
Alternaria solani,3,BernoulliNB,78,312,64,0.4583,0.0875,0.6384,5
Alternaria solani,3,GaussianNB,78,312,64,0.4753,0.0572,0.7526,5
Alternaria solani,3,KNN,78,312,64,0.4216,0.0094,0.6311,5
Alternaria solani,3,MLP,78,312,64,0.3615,0.1314,0.6397,5
Alternaria solani,4,LogisticRegression,78,312,256,0.3942,0.0507,0.5782,5
Alternaria solani,4,RandomForest,78,312,256,0.3888,0.1069,0.7158,5
Alternaria solani,4,ExtraTrees,78,312,256,0.4694,0.1689,0.7652,5
Alternaria solani,4,AdaBoost,78,312,256,0.4603,0.1573,0.6956,5
Alternaria solani,4,GradientBoosting,78,312,256,0.4608,0.0919,0.6696,5
Alternaria solani,4,XGBoost,78,312,256,0.4608,0.0863,0.6551,5
Alternaria solani,4,CatBoost,78,312,256,0.4765,0.0945,0.68,5
Alternaria solani,4,SVC_RBF,78,312,256,0.4958,0.1215,0.7448,5
Alternaria solani,4,NuSVC,78,312,256,0.484,0.1197,0.7527,5
Alternaria solani,4,BernoulliNB,78,312,256,0.4093,0.042,0.6203,5
Alternaria solani,4,GaussianNB,78,312,256,0.5266,0.0653,0.7548,5
Alternaria solani,4,KNN,78,312,256,0.4101,0.0227,0.6186,5
Alternaria solani,4,MLP,78,312,256,0.3591,0.0293,0.6277,5
Alternaria solani,5,LogisticRegression,78,312,1024,0.2834,0.0728,0.5434,5
Alternaria solani,5,RandomForest,78,312,1024,0.3922,0.0985,0.6871,5
Alternaria solani,5,ExtraTrees,78,312,1024,0.337,0.0918,0.7282,5
Alternaria solani,5,AdaBoost,78,312,1024,0.4499,0.0669,0.6964,5
Alternaria solani,5,GradientBoosting,78,312,1024,0.4313,0.096,0.7002,5
Alternaria solani,5,XGBoost,78,312,1024,0.3812,0.0792,0.6864,5
Alternaria solani,5,CatBoost,78,312,1024,0.447,0.1063,0.6975,5
Alternaria solani,5,SVC_RBF,78,312,1024,0.4598,0.0712,0.7433,5
Alternaria solani,5,NuSVC,78,312,1024,0.4689,0.0703,0.7555,5
Alternaria solani,5,BernoulliNB,78,312,1024,0.3593,0.0442,0.5595,5
Alternaria solani,5,GaussianNB,78,312,1024,0.5295,0.129,0.7651,5
Alternaria solani,5,KNN,78,312,1024,0.4216,0.0119,0.6205,5
Alternaria solani,5,MLP,78,312,1024,0.3432,0.0552,0.6094,5
Alternaria solani,6,LogisticRegression,78,312,4093,0.3545,0.1366,0.574,5
Alternaria solani,6,RandomForest,78,312,4093,0.3033,0.1069,0.62,5
Alternaria solani,6,ExtraTrees,78,312,4093,0.2782,0.1039,0.6704,5
Alternaria solani,6,AdaBoost,78,312,4093,0.3795,0.0606,0.5964,5
Alternaria solani,6,GradientBoosting,78,312,4093,0.3464,0.0746,0.6244,5
Alternaria solani,6,XGBoost,78,312,4093,0.3637,0.1062,0.5858,5
Alternaria solani,6,CatBoost,78,312,4093,0.3742,0.0339,0.6476,5
Alternaria solani,6,SVC_RBF,78,312,4093,0.3388,0.072,0.7111,5
Alternaria solani,6,NuSVC,78,312,4093,0.3412,0.0695,0.7199,5
Alternaria solani,6,BernoulliNB,78,312,4093,0.3982,0.0867,0.6192,5
Alternaria solani,6,GaussianNB,78,312,4093,0.4906,0.057,0.7187,5
Alternaria solani,6,KNN,78,312,4093,0.4326,0.0275,0.6101,5
Alternaria solani,6,MLP,78,312,4093,0.3331,0.1174,0.5999,5
Globodera spp,2,LogisticRegression,533,2132,16,0.4146,0.0149,0.6032,5
Globodera spp,2,RandomForest,533,2132,16,0.4298,0.0238,0.6809,5
Globodera spp,2,ExtraTrees,533,2132,16,0.4001,0.0367,0.702,5
Globodera spp,2,AdaBoost,533,2132,16,0.4403,0.0227,0.6684,5
Globodera spp,2,GradientBoosting,533,2132,16,0.4443,0.0099,0.6796,5
Globodera spp,2,XGBoost,533,2132,16,0.4146,0.0489,0.6834,5
Globodera spp,2,CatBoost,533,2132,16,0.465,0.0247,0.6884,5
Globodera spp,2,SVC_RBF,533,2132,16,0.4899,0.0088,0.6991,5
Globodera spp,2,NuSVC,533,2132,16,0.4817,0.0178,0.6915,5
Globodera spp,2,BernoulliNB,533,2132,16,0.3944,0.0138,0.5894,5
Globodera spp,2,GaussianNB,533,2132,16,0.4701,0.0129,0.6826,5
Globodera spp,2,KNN,533,2132,16,0.4427,0.0242,0.6418,5
Globodera spp,2,MLP,533,2132,16,0.411,0.0292,0.6664,5
Globodera spp,3,LogisticRegression,533,2132,64,0.3964,0.0144,0.5925,5
Globodera spp,3,RandomForest,533,2132,64,0.3826,0.0342,0.7027,5
Globodera spp,3,ExtraTrees,533,2132,64,0.4064,0.0369,0.7104,5
Globodera spp,3,AdaBoost,533,2132,64,0.4637,0.0363,0.6946,5
Globodera spp,3,GradientBoosting,533,2132,64,0.456,0.0459,0.7153,5
Globodera spp,3,XGBoost,533,2132,64,0.4226,0.0374,0.6871,5
Globodera spp,3,CatBoost,533,2132,64,0.4284,0.0373,0.7072,5
Globodera spp,3,SVC_RBF,533,2132,64,0.4526,0.0324,0.7208,5
Globodera spp,3,NuSVC,533,2132,64,0.4557,0.0322,0.7201,5
Globodera spp,3,BernoulliNB,533,2132,64,0.3851,0.0202,0.5947,5
Globodera spp,3,GaussianNB,533,2132,64,0.4858,0.0145,0.7014,5
Globodera spp,3,KNN,533,2132,64,0.4214,0.0075,0.6094,5
Globodera spp,3,MLP,533,2132,64,0.3752,0.0419,0.6473,5
Globodera spp,4,LogisticRegression,533,2132,256,0.4101,0.0147,0.6015,5
Globodera spp,4,RandomForest,533,2132,256,0.3886,0.0267,0.6775,5
Globodera spp,4,ExtraTrees,533,2132,256,0.3715,0.0212,0.6984,5
Globodera spp,4,AdaBoost,533,2132,256,0.447,0.0295,0.6817,5
Globodera spp,4,GradientBoosting,533,2132,256,0.4454,0.0175,0.6879,5
Globodera spp,4,XGBoost,533,2132,256,0.3996,0.0218,0.6821,5
Globodera spp,4,CatBoost,533,2132,256,0.4381,0.0183,0.6999,5
Globodera spp,4,SVC_RBF,533,2132,256,0.4744,0.0258,0.7128,5
Globodera spp,4,NuSVC,533,2132,256,0.4717,0.0267,0.7126,5
Globodera spp,4,BernoulliNB,533,2132,256,0.382,0.0195,0.5804,5
Globodera spp,4,GaussianNB,533,2132,256,0.4706,0.0223,0.6958,5
Globodera spp,4,KNN,533,2132,256,0.4259,0.0087,0.5892,5
Globodera spp,4,MLP,533,2132,256,0.3765,0.0365,0.6515,5
Globodera spp,5,LogisticRegression,533,2132,1024,0.3884,0.0147,0.5894,5
Globodera spp,5,RandomForest,533,2132,1024,0.374,0.0113,0.6803,5
Globodera spp,5,ExtraTrees,533,2132,1024,0.3654,0.0148,0.6964,5
Globodera spp,5,AdaBoost,533,2132,1024,0.4518,0.015,0.675,5
Globodera spp,5,GradientBoosting,533,2132,1024,0.4488,0.0167,0.6911,5
Globodera spp,5,XGBoost,533,2132,1024,0.4145,0.0151,0.6772,5
Globodera spp,5,CatBoost,533,2132,1024,0.4346,0.019,0.6897,5
Globodera spp,5,SVC_RBF,533,2132,1024,0.4751,0.0182,0.7141,5
Globodera spp,5,NuSVC,533,2132,1024,0.4769,0.0196,0.7146,5
Globodera spp,5,BernoulliNB,533,2132,1024,0.3745,0.0246,0.5846,5
Globodera spp,5,GaussianNB,533,2132,1024,0.4847,0.0228,0.6959,5
Globodera spp,5,KNN,533,2132,1024,0.4334,0.0163,0.6192,5
Globodera spp,5,MLP,533,2132,1024,0.3545,0.0414,0.6518,5
Globodera spp,6,LogisticRegression,533,2132,4096,0.3713,0.0309,0.569,5
Globodera spp,6,RandomForest,533,2132,4096,0.3886,0.0279,0.6752,5
Globodera spp,6,ExtraTrees,533,2132,4096,0.3742,0.024,0.6883,5
Globodera spp,6,AdaBoost,533,2132,4096,0.4356,0.0192,0.6524,5
Globodera spp,6,GradientBoosting,533,2132,4096,0.4405,0.0078,0.67,5
Globodera spp,6,XGBoost,533,2132,4096,0.4136,0.0051,0.6647,5
Globodera spp,6,CatBoost,533,2132,4096,0.4128,0.0199,0.664,5
Globodera spp,6,SVC_RBF,533,2132,4096,0.4513,0.0081,0.6979,5
Globodera spp,6,NuSVC,533,2132,4096,0.4511,0.0056,0.697,5
Globodera spp,6,BernoulliNB,533,2132,4096,0.3451,0.0248,0.5576,5
Globodera spp,6,GaussianNB,533,2132,4096,0.4601,0.0175,0.674,5
Globodera spp,6,KNN,533,2132,4096,0.4327,0.008,0.6276,5
Globodera spp,6,MLP,533,2132,4096,0.3595,0.0358,0.6493,5
Leptinotarsa decemlineata,2,LogisticRegression,598,2392,16,0.3674,0.0211,0.5578,5
Leptinotarsa decemlineata,2,RandomForest,598,2392,16,0.34,0.0438,0.6338,5
Leptinotarsa decemlineata,2,ExtraTrees,598,2392,16,0.3129,0.0303,0.6549,5
Leptinotarsa decemlineata,2,AdaBoost,598,2392,16,0.4243,0.0203,0.617,5
Leptinotarsa decemlineata,2,GradientBoosting,598,2392,16,0.432,0.0415,0.6416,5
Leptinotarsa decemlineata,2,XGBoost,598,2392,16,0.3548,0.0324,0.6267,5
Leptinotarsa decemlineata,2,CatBoost,598,2392,16,0.3994,0.0412,0.6396,5
Leptinotarsa decemlineata,2,SVC_RBF,598,2392,16,0.4385,0.0338,0.6556,5
Leptinotarsa decemlineata,2,NuSVC,598,2392,16,0.4135,0.0325,0.6421,5
Leptinotarsa decemlineata,2,BernoulliNB,598,2392,16,0.3691,0.0161,0.5638,5
Leptinotarsa decemlineata,2,GaussianNB,598,2392,16,0.4369,0.0196,0.6357,5
Leptinotarsa decemlineata,2,KNN,598,2392,16,0.4069,0.0261,0.5944,5
Leptinotarsa decemlineata,2,MLP,598,2392,16,0.382,0.0327,0.6259,5
Leptinotarsa decemlineata,3,LogisticRegression,598,2392,64,0.388,0.0265,0.5866,5
Leptinotarsa decemlineata,3,RandomForest,598,2392,64,0.323,0.0434,0.6538,5
Leptinotarsa decemlineata,3,ExtraTrees,598,2392,64,0.3046,0.053,0.663,5
Leptinotarsa decemlineata,3,AdaBoost,598,2392,64,0.4023,0.0373,0.6322,5
Leptinotarsa decemlineata,3,GradientBoosting,598,2392,64,0.4245,0.0406,0.6576,5
Leptinotarsa decemlineata,3,XGBoost,598,2392,64,0.3725,0.0428,0.6434,5
Leptinotarsa decemlineata,3,CatBoost,598,2392,64,0.3799,0.038,0.6493,5
Leptinotarsa decemlineata,3,SVC_RBF,598,2392,64,0.4381,0.0455,0.6792,5
Leptinotarsa decemlineata,3,NuSVC,598,2392,64,0.4179,0.0482,0.6744,5
Leptinotarsa decemlineata,3,BernoulliNB,598,2392,64,0.3563,0.0338,0.5647,5
Leptinotarsa decemlineata,3,GaussianNB,598,2392,64,0.4417,0.0328,0.6368,5
Leptinotarsa decemlineata,3,KNN,598,2392,64,0.4258,0.019,0.5972,5
Leptinotarsa decemlineata,3,MLP,598,2392,64,0.3638,0.0169,0.6463,5
Leptinotarsa decemlineata,4,LogisticRegression,598,2392,256,0.4036,0.0252,0.593,5
Leptinotarsa decemlineata,4,RandomForest,598,2392,256,0.3251,0.0318,0.6499,5
Leptinotarsa decemlineata,4,ExtraTrees,598,2392,256,0.2905,0.0424,0.6642,5
Leptinotarsa decemlineata,4,AdaBoost,598,2392,256,0.4207,0.0262,0.6515,5
Leptinotarsa decemlineata,4,GradientBoosting,598,2392,256,0.4051,0.0342,0.6569,5
Leptinotarsa decemlineata,4,XGBoost,598,2392,256,0.3547,0.0234,0.6479,5
Leptinotarsa decemlineata,4,CatBoost,598,2392,256,0.3797,0.0219,0.6561,5
Leptinotarsa decemlineata,4,SVC_RBF,598,2392,256,0.4255,0.0305,0.6638,5
Leptinotarsa decemlineata,4,NuSVC,598,2392,256,0.413,0.0338,0.6602,5
Leptinotarsa decemlineata,4,BernoulliNB,598,2392,256,0.3706,0.0218,0.5912,5
Leptinotarsa decemlineata,4,GaussianNB,598,2392,256,0.4497,0.0221,0.6473,5
Leptinotarsa decemlineata,4,KNN,598,2392,256,0.4227,0.0099,0.6,5
Leptinotarsa decemlineata,4,MLP,598,2392,256,0.3283,0.0263,0.6196,5
Leptinotarsa decemlineata,5,LogisticRegression,598,2392,1024,0.3855,0.0255,0.5823,5
Leptinotarsa decemlineata,5,RandomForest,598,2392,1024,0.2935,0.0337,0.6519,5
Leptinotarsa decemlineata,5,ExtraTrees,598,2392,1024,0.3067,0.0491,0.6598,5
Leptinotarsa decemlineata,5,AdaBoost,598,2392,1024,0.4124,0.0245,0.6333,5
Leptinotarsa decemlineata,5,GradientBoosting,598,2392,1024,0.3961,0.024,0.6503,5
Leptinotarsa decemlineata,5,XGBoost,598,2392,1024,0.3544,0.027,0.6402,5
Leptinotarsa decemlineata,5,CatBoost,598,2392,1024,0.3616,0.0187,0.6403,5
Leptinotarsa decemlineata,5,SVC_RBF,598,2392,1024,0.429,0.0323,0.6612,5
Leptinotarsa decemlineata,5,NuSVC,598,2392,1024,0.4301,0.0187,0.658,5
Leptinotarsa decemlineata,5,BernoulliNB,598,2392,1024,0.3641,0.0077,0.5635,5
Leptinotarsa decemlineata,5,GaussianNB,598,2392,1024,0.4559,0.0253,0.6526,5
Leptinotarsa decemlineata,5,KNN,598,2392,1024,0.4172,0.0018,0.5856,5
Leptinotarsa decemlineata,5,MLP,598,2392,1024,0.3395,0.0373,0.6121,5
Leptinotarsa decemlineata,6,LogisticRegression,598,2392,4096,0.3624,0.0223,0.563,5
Leptinotarsa decemlineata,6,RandomForest,598,2392,4096,0.314,0.029,0.6392,5
Leptinotarsa decemlineata,6,ExtraTrees,598,2392,4096,0.2925,0.0418,0.6513,5
Leptinotarsa decemlineata,6,AdaBoost,598,2392,4096,0.4023,0.0252,0.6266,5
Leptinotarsa decemlineata,6,GradientBoosting,598,2392,4096,0.3856,0.0601,0.6334,5
Leptinotarsa decemlineata,6,XGBoost,598,2392,4096,0.3317,0.0477,0.6275,5
Leptinotarsa decemlineata,6,CatBoost,598,2392,4096,0.3791,0.0391,0.6415,5
Leptinotarsa decemlineata,6,SVC_RBF,598,2392,4096,0.4151,0.0536,0.6549,5
Leptinotarsa decemlineata,6,NuSVC,598,2392,4096,0.4041,0.0508,0.6529,5
Leptinotarsa decemlineata,6,BernoulliNB,598,2392,4096,0.3547,0.0221,0.5578,5
Leptinotarsa decemlineata,6,GaussianNB,598,2392,4096,0.4345,0.0364,0.6194,5
Leptinotarsa decemlineata,6,KNN,598,2392,4096,0.4178,0.0068,0.5918,5
Leptinotarsa decemlineata,6,MLP,598,2392,4096,0.3417,0.0536,0.6302,5
Meloidogyne javanica,2,LogisticRegression,47,188,16,0.3046,0.1036,0.4903,5
Meloidogyne javanica,2,RandomForest,47,188,16,0.4076,0.1289,0.7084,5
Meloidogyne javanica,2,ExtraTrees,47,188,16,0.3797,0.2037,0.7109,5
Meloidogyne javanica,2,AdaBoost,47,188,16,0.5242,0.0659,0.7533,5
Meloidogyne javanica,2,GradientBoosting,47,188,16,0.4227,0.0782,0.6941,5
Meloidogyne javanica,2,XGBoost,47,188,16,0.4767,0.1133,0.6963,5
Meloidogyne javanica,2,CatBoost,47,188,16,0.4403,0.0666,0.6782,5
Meloidogyne javanica,2,SVC_RBF,47,188,16,0.2941,0.1243,0.6558,5
Meloidogyne javanica,2,NuSVC,47,188,16,0.2941,0.1243,0.6511,5
Meloidogyne javanica,2,BernoulliNB,47,188,16,0.3503,0.106,0.559,5
Meloidogyne javanica,2,GaussianNB,47,188,16,0.477,0.0531,0.6508,5
Meloidogyne javanica,2,KNN,47,188,16,0.4084,0.0291,0.5541,5
Meloidogyne javanica,2,MLP,47,188,16,0.3876,0.0901,0.5517,5
Meloidogyne javanica,3,LogisticRegression,47,188,64,0.3792,0.0632,0.5255,5
Meloidogyne javanica,3,RandomForest,47,188,64,0.2676,0.1058,0.6621,5
Meloidogyne javanica,3,ExtraTrees,47,188,64,0.2902,0.1082,0.7246,5
Meloidogyne javanica,3,AdaBoost,47,188,64,0.4141,0.0918,0.6765,5
Meloidogyne javanica,3,GradientBoosting,47,188,64,0.4233,0.1652,0.6294,5
Meloidogyne javanica,3,XGBoost,47,188,64,0.3715,0.1005,0.5889,5
Meloidogyne javanica,3,CatBoost,47,188,64,0.3826,0.1548,0.6431,5
Meloidogyne javanica,3,SVC_RBF,47,188,64,0.3588,0.1579,0.7392,5
Meloidogyne javanica,3,NuSVC,47,188,64,0.3467,0.1615,0.7347,5
Meloidogyne javanica,3,BernoulliNB,47,188,64,0.3545,0.1109,0.5254,5
Meloidogyne javanica,3,GaussianNB,47,188,64,0.4684,0.081,0.7394,5
Meloidogyne javanica,3,KNN,47,188,64,0.3965,0.0098,0.5916,5
Meloidogyne javanica,3,MLP,47,188,64,0.3521,0.0287,0.5811,5
Meloidogyne javanica,4,LogisticRegression,47,188,256,0.2866,0.076,0.4916,5
Meloidogyne javanica,4,RandomForest,47,188,256,0.324,0.0848,0.6773,5
Meloidogyne javanica,4,ExtraTrees,47,188,256,0.3583,0.1001,0.6923,5
Meloidogyne javanica,4,AdaBoost,47,188,256,0.3504,0.0314,0.6187,5
Meloidogyne javanica,4,GradientBoosting,47,188,256,0.4074,0.0725,0.6572,5
Meloidogyne javanica,4,XGBoost,47,188,256,0.4153,0.0845,0.5927,5
Meloidogyne javanica,4,CatBoost,47,188,256,0.4147,0.1349,0.6614,5
Meloidogyne javanica,4,SVC_RBF,47,188,256,0.4347,0.0906,0.6989,5
Meloidogyne javanica,4,NuSVC,47,188,256,0.4219,0.1032,0.7076,5
Meloidogyne javanica,4,BernoulliNB,47,188,256,0.3213,0.0711,0.5219,5
Meloidogyne javanica,4,GaussianNB,47,188,256,0.5153,0.0535,0.7427,5
Meloidogyne javanica,4,KNN,47,188,256,0.4023,0.0214,0.5709,5
Meloidogyne javanica,4,MLP,47,188,256,0.2351,0.0791,0.55,5
Meloidogyne javanica,5,LogisticRegression,47,188,1024,0.2712,0.116,0.519,5
Meloidogyne javanica,5,RandomForest,47,188,1024,0.2943,0.1272,0.6596,5
Meloidogyne javanica,5,ExtraTrees,47,188,1024,0.4141,0.1689,0.7397,5
Meloidogyne javanica,5,AdaBoost,47,188,1024,0.3978,0.0695,0.5997,5
Meloidogyne javanica,5,GradientBoosting,47,188,1024,0.3663,0.1125,0.6224,5
Meloidogyne javanica,5,XGBoost,47,188,1024,0.3703,0.0808,0.5607,5
Meloidogyne javanica,5,CatBoost,47,188,1024,0.3791,0.0884,0.651,5
Meloidogyne javanica,5,SVC_RBF,47,188,1024,0.4794,0.1341,0.7563,5
Meloidogyne javanica,5,NuSVC,47,188,1024,0.4542,0.132,0.7554,5
Meloidogyne javanica,5,BernoulliNB,47,188,1024,0.3417,0.065,0.5781,5
Meloidogyne javanica,5,GaussianNB,47,188,1024,0.5781,0.0844,0.7659,5
Meloidogyne javanica,5,KNN,47,188,1024,0.4256,0.027,0.5936,5
Meloidogyne javanica,5,MLP,47,188,1024,0.3127,0.1093,0.5976,5
Meloidogyne javanica,6,LogisticRegression,47,188,4079,0.3045,0.1832,0.5263,5
Meloidogyne javanica,6,RandomForest,47,188,4079,0.2486,0.1785,0.5095,5
Meloidogyne javanica,6,ExtraTrees,47,188,4079,0.2664,0.0891,0.5454,5
Meloidogyne javanica,6,AdaBoost,47,188,4079,0.315,0.1603,0.5147,5
Meloidogyne javanica,6,GradientBoosting,47,188,4079,0.3082,0.1692,0.5194,5
Meloidogyne javanica,6,XGBoost,47,188,4079,0.3262,0.1338,0.5613,5
Meloidogyne javanica,6,CatBoost,47,188,4079,0.3515,0.1552,0.5456,5
Meloidogyne javanica,6,SVC_RBF,47,188,4079,0.2758,0.1896,0.4912,5
Meloidogyne javanica,6,NuSVC,47,188,4079,0.2682,0.178,0.4927,5
Meloidogyne javanica,6,BernoulliNB,47,188,4079,0.3081,0.1043,0.5372,5
Meloidogyne javanica,6,GaussianNB,47,188,4079,0.183,0.0538,0.5587,5
Meloidogyne javanica,6,KNN,47,188,4079,0.2714,0.0693,0.4909,5
Meloidogyne javanica,6,MLP,47,188,4079,0.2198,0.198,0.6199,5
Pectobacterium carotovorum,2,LogisticRegression,192,768,16,0.3757,0.0463,0.5957,5
Pectobacterium carotovorum,2,RandomForest,192,768,16,0.3292,0.0745,0.621,5
Pectobacterium carotovorum,2,ExtraTrees,192,768,16,0.2777,0.0541,0.6188,5
Pectobacterium carotovorum,2,AdaBoost,192,768,16,0.392,0.0268,0.6207,5
Pectobacterium carotovorum,2,GradientBoosting,192,768,16,0.3614,0.0534,0.6174,5
Pectobacterium carotovorum,2,XGBoost,192,768,16,0.3484,0.0466,0.6032,5
Pectobacterium carotovorum,2,CatBoost,192,768,16,0.4019,0.0489,0.6453,5
Pectobacterium carotovorum,2,SVC_RBF,192,768,16,0.3781,0.0497,0.6183,5
Pectobacterium carotovorum,2,NuSVC,192,768,16,0.3636,0.0316,0.5938,5
Pectobacterium carotovorum,2,BernoulliNB,192,768,16,0.3524,0.0687,0.5831,5
Pectobacterium carotovorum,2,GaussianNB,192,768,16,0.4186,0.0242,0.5791,5
Pectobacterium carotovorum,2,KNN,192,768,16,0.3729,0.035,0.5835,5
Pectobacterium carotovorum,2,MLP,192,768,16,0.3151,0.0216,0.6107,5
Pectobacterium carotovorum,3,LogisticRegression,192,768,64,0.42,0.0271,0.6303,5
Pectobacterium carotovorum,3,RandomForest,192,768,64,0.2754,0.0403,0.6211,5
Pectobacterium carotovorum,3,ExtraTrees,192,768,64,0.2247,0.0616,0.6021,5
Pectobacterium carotovorum,3,AdaBoost,192,768,64,0.3669,0.0509,0.616,5
Pectobacterium carotovorum,3,GradientBoosting,192,768,64,0.3426,0.0255,0.6034,5
Pectobacterium carotovorum,3,XGBoost,192,768,64,0.3301,0.0545,0.6067,5
Pectobacterium carotovorum,3,CatBoost,192,768,64,0.3098,0.0438,0.6235,5
Pectobacterium carotovorum,3,SVC_RBF,192,768,64,0.3262,0.042,0.6156,5
Pectobacterium carotovorum,3,NuSVC,192,768,64,0.3183,0.0628,0.6164,5
Pectobacterium carotovorum,3,BernoulliNB,192,768,64,0.3403,0.0135,0.5934,5
Pectobacterium carotovorum,3,GaussianNB,192,768,64,0.3724,0.0508,0.5689,5
Pectobacterium carotovorum,3,KNN,192,768,64,0.4138,0.0219,0.6027,5
Pectobacterium carotovorum,3,MLP,192,768,64,0.3351,0.0755,0.6276,5
Pectobacterium carotovorum,4,LogisticRegression,192,768,256,0.412,0.0366,0.6436,5
Pectobacterium carotovorum,4,RandomForest,192,768,256,0.2657,0.0471,0.6254,5
Pectobacterium carotovorum,4,ExtraTrees,192,768,256,0.2293,0.0488,0.6248,5
Pectobacterium carotovorum,4,AdaBoost,192,768,256,0.3912,0.0604,0.602,5
Pectobacterium carotovorum,4,GradientBoosting,192,768,256,0.343,0.0216,0.6048,5
Pectobacterium carotovorum,4,XGBoost,192,768,256,0.3326,0.0632,0.5972,5
Pectobacterium carotovorum,4,CatBoost,192,768,256,0.3473,0.0607,0.6033,5
Pectobacterium carotovorum,4,SVC_RBF,192,768,256,0.3389,0.0274,0.6111,5
Pectobacterium carotovorum,4,NuSVC,192,768,256,0.3277,0.0378,0.612,5
Pectobacterium carotovorum,4,BernoulliNB,192,768,256,0.3883,0.0216,0.5989,5
Pectobacterium carotovorum,4,GaussianNB,192,768,256,0.3904,0.0484,0.5611,5
Pectobacterium carotovorum,4,KNN,192,768,256,0.4212,0.0094,0.5805,5
Pectobacterium carotovorum,4,MLP,192,768,256,0.3636,0.0284,0.6278,5
Pectobacterium carotovorum,5,LogisticRegression,192,768,1024,0.3692,0.0528,0.5854,5
Pectobacterium carotovorum,5,RandomForest,192,768,1024,0.2038,0.0558,0.612,5
Pectobacterium carotovorum,5,ExtraTrees,192,768,1024,0.2106,0.0525,0.5912,5
Pectobacterium carotovorum,5,AdaBoost,192,768,1024,0.3638,0.0502,0.5867,5
Pectobacterium carotovorum,5,GradientBoosting,192,768,1024,0.3272,0.0702,0.5853,5
Pectobacterium carotovorum,5,XGBoost,192,768,1024,0.2998,0.0608,0.5871,5
Pectobacterium carotovorum,5,CatBoost,192,768,1024,0.266,0.0804,0.5718,5
Pectobacterium carotovorum,5,SVC_RBF,192,768,1024,0.2976,0.0597,0.5541,5
Pectobacterium carotovorum,5,NuSVC,192,768,1024,0.3075,0.0931,0.5602,5
Pectobacterium carotovorum,5,BernoulliNB,192,768,1024,0.37,0.0653,0.5926,5
Pectobacterium carotovorum,5,GaussianNB,192,768,1024,0.3303,0.0491,0.5375,5
Pectobacterium carotovorum,5,KNN,192,768,1024,0.3911,0.0227,0.5438,5
Pectobacterium carotovorum,5,MLP,192,768,1024,0.314,0.0662,0.5795,5
Pectobacterium carotovorum,6,LogisticRegression,192,768,4096,0.4347,0.0521,0.6648,5
Pectobacterium carotovorum,6,RandomForest,192,768,4096,0.2822,0.0676,0.6133,5
Pectobacterium carotovorum,6,ExtraTrees,192,768,4096,0.1642,0.0663,0.6012,5
Pectobacterium carotovorum,6,AdaBoost,192,768,4096,0.409,0.0456,0.6312,5
Pectobacterium carotovorum,6,GradientBoosting,192,768,4096,0.3376,0.0687,0.6194,5
Pectobacterium carotovorum,6,XGBoost,192,768,4096,0.3491,0.0772,0.6186,5
Pectobacterium carotovorum,6,CatBoost,192,768,4096,0.3565,0.07,0.6134,5
Pectobacterium carotovorum,6,SVC_RBF,192,768,4096,0.3451,0.068,0.6116,5
Pectobacterium carotovorum,6,NuSVC,192,768,4096,0.3322,0.0767,0.6138,5
Pectobacterium carotovorum,6,BernoulliNB,192,768,4096,0.4037,0.0995,0.6378,5
Pectobacterium carotovorum,6,GaussianNB,192,768,4096,0.2966,0.0931,0.571,5
Pectobacterium carotovorum,6,KNN,192,768,4096,0.4052,0.0363,0.5771,5
Pectobacterium carotovorum,6,MLP,192,768,4096,0.3557,0.0676,0.5968,5
Phytophthora infestans,2,LogisticRegression,621,2484,16,0.4306,0.0339,0.6326,5
Phytophthora infestans,2,RandomForest,621,2484,16,0.4028,0.0309,0.6838,5
Phytophthora infestans,2,ExtraTrees,621,2484,16,0.3947,0.0212,0.6989,5
Phytophthora infestans,2,AdaBoost,621,2484,16,0.4634,0.0158,0.6736,5
Phytophthora infestans,2,GradientBoosting,621,2484,16,0.4638,0.0125,0.6844,5
Phytophthora infestans,2,XGBoost,621,2484,16,0.392,0.02,0.663,5
Phytophthora infestans,2,CatBoost,621,2484,16,0.4604,0.0127,0.6885,5
Phytophthora infestans,2,SVC_RBF,621,2484,16,0.4745,0.0196,0.6942,5
Phytophthora infestans,2,NuSVC,621,2484,16,0.4585,0.0147,0.6891,5
Phytophthora infestans,2,BernoulliNB,621,2484,16,0.3867,0.0318,0.591,5
Phytophthora infestans,2,GaussianNB,621,2484,16,0.469,0.0182,0.678,5
Phytophthora infestans,2,KNN,621,2484,16,0.4449,0.0161,0.6396,5
Phytophthora infestans,2,MLP,621,2484,16,0.4009,0.0159,0.66,5
Phytophthora infestans,3,LogisticRegression,621,2484,64,0.426,0.022,0.6399,5
Phytophthora infestans,3,RandomForest,621,2484,64,0.3707,0.0116,0.6907,5
Phytophthora infestans,3,ExtraTrees,621,2484,64,0.3531,0.024,0.6894,5
Phytophthora infestans,3,AdaBoost,621,2484,64,0.4455,0.0166,0.6723,5
Phytophthora infestans,3,GradientBoosting,621,2484,64,0.4556,0.0142,0.6902,5
Phytophthora infestans,3,XGBoost,621,2484,64,0.4094,0.0252,0.6817,5
Phytophthora infestans,3,CatBoost,621,2484,64,0.4181,0.0156,0.6868,5
Phytophthora infestans,3,SVC_RBF,621,2484,64,0.4653,0.0325,0.7023,5
Phytophthora infestans,3,NuSVC,621,2484,64,0.4574,0.0378,0.7005,5
Phytophthora infestans,3,BernoulliNB,621,2484,64,0.412,0.0285,0.62,5
Phytophthora infestans,3,GaussianNB,621,2484,64,0.4475,0.0095,0.6694,5
Phytophthora infestans,3,KNN,621,2484,64,0.4332,0.0121,0.6313,5
Phytophthora infestans,3,MLP,621,2484,64,0.3621,0.0129,0.653,5
Phytophthora infestans,4,LogisticRegression,621,2484,256,0.4267,0.0164,0.6437,5
Phytophthora infestans,4,RandomForest,621,2484,256,0.3565,0.0262,0.6818,5
Phytophthora infestans,4,ExtraTrees,621,2484,256,0.3345,0.0309,0.6939,5
Phytophthora infestans,4,AdaBoost,621,2484,256,0.4336,0.017,0.6661,5
Phytophthora infestans,4,GradientBoosting,621,2484,256,0.4312,0.02,0.6739,5
Phytophthora infestans,4,XGBoost,621,2484,256,0.3762,0.0317,0.6644,5
Phytophthora infestans,4,CatBoost,621,2484,256,0.4222,0.0261,0.6797,5
Phytophthora infestans,4,SVC_RBF,621,2484,256,0.4526,0.0257,0.6939,5
Phytophthora infestans,4,NuSVC,621,2484,256,0.4482,0.0276,0.6896,5
Phytophthora infestans,4,BernoulliNB,621,2484,256,0.4243,0.0123,0.6323,5
Phytophthora infestans,4,GaussianNB,621,2484,256,0.4509,0.0135,0.6627,5
Phytophthora infestans,4,KNN,621,2484,256,0.4381,0.012,0.6331,5
Phytophthora infestans,4,MLP,621,2484,256,0.3756,0.0196,0.6476,5
Phytophthora infestans,5,LogisticRegression,621,2484,1024,0.4319,0.0197,0.6345,5
Phytophthora infestans,5,RandomForest,621,2484,1024,0.3315,0.0152,0.6593,5
Phytophthora infestans,5,ExtraTrees,621,2484,1024,0.3291,0.0184,0.6871,5
Phytophthora infestans,5,AdaBoost,621,2484,1024,0.4373,0.0281,0.6625,5
Phytophthora infestans,5,GradientBoosting,621,2484,1024,0.4179,0.0275,0.6693,5
Phytophthora infestans,5,XGBoost,621,2484,1024,0.3739,0.0295,0.6537,5
Phytophthora infestans,5,CatBoost,621,2484,1024,0.391,0.0178,0.6632,5
Phytophthora infestans,5,SVC_RBF,621,2484,1024,0.4133,0.015,0.6681,5
Phytophthora infestans,5,NuSVC,621,2484,1024,0.4118,0.0224,0.6616,5
Phytophthora infestans,5,BernoulliNB,621,2484,1024,0.4301,0.0177,0.6327,5
Phytophthora infestans,5,GaussianNB,621,2484,1024,0.4211,0.008,0.6387,5
Phytophthora infestans,5,KNN,621,2484,1024,0.4246,0.0149,0.6055,5
Phytophthora infestans,5,MLP,621,2484,1024,0.3581,0.0279,0.631,5
Phytophthora infestans,6,LogisticRegression,621,2484,4096,0.4171,0.0093,0.6214,5
Phytophthora infestans,6,RandomForest,621,2484,4096,0.326,0.0229,0.657,5
Phytophthora infestans,6,ExtraTrees,621,2484,4096,0.2875,0.0328,0.6664,5
Phytophthora infestans,6,AdaBoost,621,2484,4096,0.4221,0.0303,0.6545,5
Phytophthora infestans,6,GradientBoosting,621,2484,4096,0.4172,0.0281,0.657,5
Phytophthora infestans,6,XGBoost,621,2484,4096,0.3609,0.007,0.6583,5
Phytophthora infestans,6,CatBoost,621,2484,4096,0.3889,0.018,0.6582,5
Phytophthora infestans,6,SVC_RBF,621,2484,4096,0.425,0.0215,0.6611,5
Phytophthora infestans,6,NuSVC,621,2484,4096,0.4245,0.0208,0.6565,5
Phytophthora infestans,6,BernoulliNB,621,2484,4096,0.4173,0.0122,0.6202,5
Phytophthora infestans,6,GaussianNB,621,2484,4096,0.3839,0.0252,0.5746,5
Phytophthora infestans,6,KNN,621,2484,4096,0.4309,0.0197,0.614,5
Phytophthora infestans,6,MLP,621,2484,4096,0.3664,0.0121,0.6188,5
Potato virus A,2,LogisticRegression,779,3116,16,0.3721,0.028,0.5474,5
Potato virus A,2,RandomForest,779,3116,16,0.3355,0.0349,0.6225,5
Potato virus A,2,ExtraTrees,779,3116,16,0.3052,0.022,0.6207,5
Potato virus A,2,AdaBoost,779,3116,16,0.3981,0.0124,0.5927,5
Potato virus A,2,GradientBoosting,779,3116,16,0.4082,0.0318,0.6159,5
Potato virus A,2,XGBoost,779,3116,16,0.3302,0.0425,0.599,5
Potato virus A,2,CatBoost,779,3116,16,0.3933,0.0288,0.6098,5
Potato virus A,2,SVC_RBF,779,3116,16,0.428,0.0247,0.6275,5
Potato virus A,2,NuSVC,779,3116,16,0.4131,0.0248,0.6165,5
Potato virus A,2,BernoulliNB,779,3116,16,0.3514,0.0177,0.5393,5
Potato virus A,2,GaussianNB,779,3116,16,0.4164,0.0267,0.6099,5
Potato virus A,2,KNN,779,3116,16,0.3867,0.0127,0.5675,5
Potato virus A,2,MLP,779,3116,16,0.3638,0.0185,0.6029,5
Potato virus A,3,LogisticRegression,779,3116,64,0.3833,0.0165,0.5702,5
Potato virus A,3,RandomForest,779,3116,64,0.31,0.0337,0.612,5
Potato virus A,3,ExtraTrees,779,3116,64,0.2748,0.0407,0.6119,5
Potato virus A,3,AdaBoost,779,3116,64,0.4048,0.0186,0.609,5
Potato virus A,3,GradientBoosting,779,3116,64,0.3838,0.0259,0.611,5
Potato virus A,3,XGBoost,779,3116,64,0.3326,0.0267,0.6103,5
Potato virus A,3,CatBoost,779,3116,64,0.3561,0.0249,0.6224,5
Potato virus A,3,SVC_RBF,779,3116,64,0.3791,0.0101,0.6212,5
Potato virus A,3,NuSVC,779,3116,64,0.3674,0.0124,0.6126,5
Potato virus A,3,BernoulliNB,779,3116,64,0.3373,0.0264,0.5406,5
Potato virus A,3,GaussianNB,779,3116,64,0.4137,0.0348,0.6114,5
Potato virus A,3,KNN,779,3116,64,0.4072,0.0104,0.5682,5
Potato virus A,3,MLP,779,3116,64,0.3073,0.0195,0.5691,5
Potato virus A,4,LogisticRegression,779,3116,256,0.3686,0.008,0.5597,5
Potato virus A,4,RandomForest,779,3116,256,0.2925,0.0263,0.5994,5
Potato virus A,4,ExtraTrees,779,3116,256,0.2794,0.0391,0.606,5
Potato virus A,4,AdaBoost,779,3116,256,0.3899,0.0198,0.591,5
Potato virus A,4,GradientBoosting,779,3116,256,0.3985,0.0246,0.6117,5
Potato virus A,4,XGBoost,779,3116,256,0.3303,0.0269,0.5988,5
Potato virus A,4,CatBoost,779,3116,256,0.3707,0.0233,0.6092,5
Potato virus A,4,SVC_RBF,779,3116,256,0.395,0.0252,0.6218,5
Potato virus A,4,NuSVC,779,3116,256,0.3854,0.0263,0.6144,5
Potato virus A,4,BernoulliNB,779,3116,256,0.3544,0.0252,0.5423,5
Potato virus A,4,GaussianNB,779,3116,256,0.4109,0.0301,0.6046,5
Potato virus A,4,KNN,779,3116,256,0.4054,0.0079,0.565,5
Potato virus A,4,MLP,779,3116,256,0.3377,0.0205,0.581,5
Potato virus A,5,LogisticRegression,779,3116,1024,0.3814,0.025,0.5794,5
Potato virus A,5,RandomForest,779,3116,1024,0.3014,0.0315,0.6013,5
Potato virus A,5,ExtraTrees,779,3116,1024,0.2857,0.0228,0.6188,5
Potato virus A,5,AdaBoost,779,3116,1024,0.3756,0.0133,0.5889,5
Potato virus A,5,GradientBoosting,779,3116,1024,0.3834,0.0186,0.6097,5
Potato virus A,5,XGBoost,779,3116,1024,0.3209,0.032,0.5948,5
Potato virus A,5,CatBoost,779,3116,1024,0.3632,0.0234,0.6144,5
Potato virus A,5,SVC_RBF,779,3116,1024,0.3776,0.0156,0.61,5
Potato virus A,5,NuSVC,779,3116,1024,0.3624,0.0153,0.6032,5
Potato virus A,5,BernoulliNB,779,3116,1024,0.3612,0.0137,0.5543,5
Potato virus A,5,GaussianNB,779,3116,1024,0.4061,0.0255,0.6017,5
Potato virus A,5,KNN,779,3116,1024,0.4028,0.0095,0.5676,5
Potato virus A,5,MLP,779,3116,1024,0.3168,0.03,0.5794,5
Potato virus A,6,LogisticRegression,779,3116,4096,0.368,0.0284,0.5566,5
Potato virus A,6,RandomForest,779,3116,4096,0.2807,0.0051,0.5892,5
Potato virus A,6,ExtraTrees,779,3116,4096,0.2399,0.0154,0.5897,5
Potato virus A,6,AdaBoost,779,3116,4096,0.3812,0.02,0.5901,5
Potato virus A,6,GradientBoosting,779,3116,4096,0.359,0.0142,0.5956,5
Potato virus A,6,XGBoost,779,3116,4096,0.3239,0.0153,0.5917,5
Potato virus A,6,CatBoost,779,3116,4096,0.3375,0.0208,0.5949,5
Potato virus A,6,SVC_RBF,779,3116,4096,0.3756,0.0487,0.6061,5
Potato virus A,6,NuSVC,779,3116,4096,0.3537,0.0332,0.6001,5
Potato virus A,6,BernoulliNB,779,3116,4096,0.3442,0.013,0.5355,5
Potato virus A,6,GaussianNB,779,3116,4096,0.3917,0.0158,0.5827,5
Potato virus A,6,KNN,779,3116,4096,0.3937,0.0124,0.5668,5
Potato virus A,6,MLP,779,3116,4096,0.3257,0.0247,0.5854,5
Potato virus Y,2,LogisticRegression,1168,4672,16,0.39,0.0147,0.5692,5
Potato virus Y,2,RandomForest,1168,4672,16,0.366,0.0199,0.6511,5
Potato virus Y,2,ExtraTrees,1168,4672,16,0.322,0.0254,0.6537,5
Potato virus Y,2,AdaBoost,1168,4672,16,0.4494,0.0072,0.6479,5
Potato virus Y,2,GradientBoosting,1168,4672,16,0.4345,0.012,0.6566,5
Potato virus Y,2,XGBoost,1168,4672,16,0.377,0.0162,0.6374,5
Potato virus Y,2,CatBoost,1168,4672,16,0.4201,0.0255,0.6542,5
Potato virus Y,2,SVC_RBF,1168,4672,16,0.4417,0.0333,0.652,5
Potato virus Y,2,NuSVC,1168,4672,16,0.4163,0.0175,0.6313,5
Potato virus Y,2,BernoulliNB,1168,4672,16,0.3846,0.024,0.5717,5
Potato virus Y,2,GaussianNB,1168,4672,16,0.4424,0.0206,0.6569,5
Potato virus Y,2,KNN,1168,4672,16,0.3945,0.0097,0.586,5
Potato virus Y,2,MLP,1168,4672,16,0.3745,0.0293,0.625,5
Potato virus Y,3,LogisticRegression,1168,4672,64,0.3863,0.0182,0.5784,5
Potato virus Y,3,RandomForest,1168,4672,64,0.3322,0.0353,0.6447,5
Potato virus Y,3,ExtraTrees,1168,4672,64,0.3174,0.0224,0.6528,5
Potato virus Y,3,AdaBoost,1168,4672,64,0.4283,0.0302,0.6544,5
Potato virus Y,3,GradientBoosting,1168,4672,64,0.4222,0.0159,0.6613,5
Potato virus Y,3,XGBoost,1168,4672,64,0.3593,0.0333,0.6347,5
Potato virus Y,3,CatBoost,1168,4672,64,0.3818,0.0216,0.6488,5
Potato virus Y,3,SVC_RBF,1168,4672,64,0.4154,0.0172,0.6617,5
Potato virus Y,3,NuSVC,1168,4672,64,0.4132,0.0142,0.6507,5
Potato virus Y,3,BernoulliNB,1168,4672,64,0.3684,0.0278,0.5691,5
Potato virus Y,3,GaussianNB,1168,4672,64,0.4375,0.0213,0.6522,5
Potato virus Y,3,KNN,1168,4672,64,0.4217,0.0081,0.5865,5
Potato virus Y,3,MLP,1168,4672,64,0.3539,0.0217,0.621,5
Potato virus Y,4,LogisticRegression,1168,4672,256,0.3844,0.0161,0.5795,5
Potato virus Y,4,RandomForest,1168,4672,256,0.3332,0.0223,0.6431,5
Potato virus Y,4,ExtraTrees,1168,4672,256,0.3035,0.0308,0.6587,5
Potato virus Y,4,AdaBoost,1168,4672,256,0.4349,0.0211,0.652,5
Potato virus Y,4,GradientBoosting,1168,4672,256,0.432,0.0289,0.6691,5
Potato virus Y,4,XGBoost,1168,4672,256,0.3535,0.0286,0.6459,5
Potato virus Y,4,CatBoost,1168,4672,256,0.3968,0.0256,0.6529,5
Potato virus Y,4,SVC_RBF,1168,4672,256,0.4228,0.0204,0.6681,5
Potato virus Y,4,NuSVC,1168,4672,256,0.4041,0.0212,0.6599,5
Potato virus Y,4,BernoulliNB,1168,4672,256,0.3692,0.0204,0.573,5
Potato virus Y,4,GaussianNB,1168,4672,256,0.4533,0.0226,0.6634,5
Potato virus Y,4,KNN,1168,4672,256,0.4234,0.0097,0.5851,5
Potato virus Y,4,MLP,1168,4672,256,0.3345,0.0113,0.6146,5
Potato virus Y,5,LogisticRegression,1168,4672,1024,0.3916,0.0139,0.5822,5
Potato virus Y,5,RandomForest,1168,4672,1024,0.3312,0.0352,0.6363,5
Potato virus Y,5,ExtraTrees,1168,4672,1024,0.3114,0.0339,0.6446,5
Potato virus Y,5,AdaBoost,1168,4672,1024,0.4313,0.0213,0.6555,5
Potato virus Y,5,GradientBoosting,1168,4672,1024,0.4255,0.0229,0.6633,5
Potato virus Y,5,XGBoost,1168,4672,1024,0.3615,0.0247,0.6317,5
Potato virus Y,5,CatBoost,1168,4672,1024,0.3869,0.0354,0.6448,5
Potato virus Y,5,SVC_RBF,1168,4672,1024,0.4065,0.0205,0.6584,5
Potato virus Y,5,NuSVC,1168,4672,1024,0.4002,0.0229,0.6487,5
Potato virus Y,5,BernoulliNB,1168,4672,1024,0.3779,0.0172,0.5783,5
Potato virus Y,5,GaussianNB,1168,4672,1024,0.4503,0.0176,0.654,5
Potato virus Y,5,KNN,1168,4672,1024,0.42,0.0038,0.5773,5
Potato virus Y,5,MLP,1168,4672,1024,0.335,0.0195,0.6179,5
Potato virus Y,6,LogisticRegression,1168,4672,4096,0.3764,0.0172,0.5617,5
Potato virus Y,6,RandomForest,1168,4672,4096,0.3165,0.0213,0.6253,5
Potato virus Y,6,ExtraTrees,1168,4672,4096,0.2821,0.0326,0.6242,5
Potato virus Y,6,AdaBoost,1168,4672,4096,0.4055,0.0265,0.6286,5
Potato virus Y,6,GradientBoosting,1168,4672,4096,0.4073,0.0271,0.6388,5
Potato virus Y,6,XGBoost,1168,4672,4096,0.3377,0.0308,0.6257,5
Potato virus Y,6,CatBoost,1168,4672,4096,0.3717,0.02,0.6315,5
Potato virus Y,6,SVC_RBF,1168,4672,4096,0.4043,0.0199,0.6464,5
Potato virus Y,6,NuSVC,1168,4672,4096,0.3968,0.0254,0.635,5
Potato virus Y,6,BernoulliNB,1168,4672,4096,0.374,0.0204,0.5685,5
Potato virus Y,6,GaussianNB,1168,4672,4096,0.4322,0.0198,0.6298,5
Potato virus Y,6,KNN,1168,4672,4096,0.4151,0.0112,0.5881,5
Potato virus Y,6,MLP,1168,4672,4096,0.3398,0.0098,0.6041,5
Ralstonia solanacearum,2,LogisticRegression,432,1728,16,0.4006,0.0174,0.6057,5
Ralstonia solanacearum,2,RandomForest,432,1728,16,0.3573,0.0196,0.6504,5
Ralstonia solanacearum,2,ExtraTrees,432,1728,16,0.3228,0.0438,0.6699,5
Ralstonia solanacearum,2,AdaBoost,432,1728,16,0.4275,0.0325,0.6255,5
Ralstonia solanacearum,2,GradientBoosting,432,1728,16,0.4004,0.033,0.6313,5
Ralstonia solanacearum,2,XGBoost,432,1728,16,0.3713,0.0393,0.6421,5
Ralstonia solanacearum,2,CatBoost,432,1728,16,0.4283,0.0257,0.6489,5
Ralstonia solanacearum,2,SVC_RBF,432,1728,16,0.4363,0.0421,0.66,5
Ralstonia solanacearum,2,NuSVC,432,1728,16,0.4432,0.0372,0.6577,5
Ralstonia solanacearum,2,BernoulliNB,432,1728,16,0.3778,0.0195,0.5804,5
Ralstonia solanacearum,2,GaussianNB,432,1728,16,0.4361,0.0351,0.6413,5
Ralstonia solanacearum,2,KNN,432,1728,16,0.4157,0.0221,0.6067,5
Ralstonia solanacearum,2,MLP,432,1728,16,0.3861,0.0408,0.6515,5
Ralstonia solanacearum,3,LogisticRegression,432,1728,64,0.4108,0.0246,0.6219,5
Ralstonia solanacearum,3,RandomForest,432,1728,64,0.2815,0.086,0.6577,5
Ralstonia solanacearum,3,ExtraTrees,432,1728,64,0.2893,0.0662,0.6634,5
Ralstonia solanacearum,3,AdaBoost,432,1728,64,0.4228,0.0437,0.6352,5
Ralstonia solanacearum,3,GradientBoosting,432,1728,64,0.3937,0.0526,0.6476,5
Ralstonia solanacearum,3,XGBoost,432,1728,64,0.3352,0.0449,0.6512,5
Ralstonia solanacearum,3,CatBoost,432,1728,64,0.3551,0.0715,0.6643,5
Ralstonia solanacearum,3,SVC_RBF,432,1728,64,0.4113,0.0403,0.6632,5
Ralstonia solanacearum,3,NuSVC,432,1728,64,0.3982,0.0443,0.6618,5
Ralstonia solanacearum,3,BernoulliNB,432,1728,64,0.3928,0.0294,0.6042,5
Ralstonia solanacearum,3,GaussianNB,432,1728,64,0.4474,0.0483,0.6472,5
Ralstonia solanacearum,3,KNN,432,1728,64,0.4212,0.0097,0.6021,5
Ralstonia solanacearum,3,MLP,432,1728,64,0.3535,0.0458,0.6292,5
Ralstonia solanacearum,4,LogisticRegression,432,1728,256,0.4242,0.0232,0.6355,5
Ralstonia solanacearum,4,RandomForest,432,1728,256,0.3341,0.0652,0.6661,5
Ralstonia solanacearum,4,ExtraTrees,432,1728,256,0.313,0.0773,0.6722,5
Ralstonia solanacearum,4,AdaBoost,432,1728,256,0.4303,0.0738,0.656,5
Ralstonia solanacearum,4,GradientBoosting,432,1728,256,0.4096,0.0717,0.6645,5
Ralstonia solanacearum,4,XGBoost,432,1728,256,0.3706,0.0542,0.6494,5
Ralstonia solanacearum,4,CatBoost,432,1728,256,0.3891,0.061,0.6679,5
Ralstonia solanacearum,4,SVC_RBF,432,1728,256,0.4121,0.0575,0.6698,5
Ralstonia solanacearum,4,NuSVC,432,1728,256,0.4074,0.0605,0.668,5
Ralstonia solanacearum,4,BernoulliNB,432,1728,256,0.4038,0.022,0.6045,5
Ralstonia solanacearum,4,GaussianNB,432,1728,256,0.4485,0.0561,0.6505,5
Ralstonia solanacearum,4,KNN,432,1728,256,0.43,0.0201,0.6078,5
Ralstonia solanacearum,4,MLP,432,1728,256,0.3562,0.0402,0.6442,5
Ralstonia solanacearum,5,LogisticRegression,432,1728,1024,0.3897,0.0284,0.6146,5
Ralstonia solanacearum,5,RandomForest,432,1728,1024,0.2681,0.048,0.6376,5
Ralstonia solanacearum,5,ExtraTrees,432,1728,1024,0.253,0.0385,0.658,5
Ralstonia solanacearum,5,AdaBoost,432,1728,1024,0.4076,0.0343,0.6296,5
Ralstonia solanacearum,5,GradientBoosting,432,1728,1024,0.3943,0.043,0.639,5
Ralstonia solanacearum,5,XGBoost,432,1728,1024,0.3575,0.0483,0.6347,5
Ralstonia solanacearum,5,CatBoost,432,1728,1024,0.3653,0.0323,0.6492,5
Ralstonia solanacearum,5,SVC_RBF,432,1728,1024,0.4079,0.0411,0.6546,5
Ralstonia solanacearum,5,NuSVC,432,1728,1024,0.3915,0.041,0.651,5
Ralstonia solanacearum,5,BernoulliNB,432,1728,1024,0.3639,0.0265,0.5694,5
Ralstonia solanacearum,5,GaussianNB,432,1728,1024,0.4369,0.0309,0.6276,5
Ralstonia solanacearum,5,KNN,432,1728,1024,0.4295,0.0165,0.6056,5
Ralstonia solanacearum,5,MLP,432,1728,1024,0.3687,0.0222,0.6206,5
Ralstonia solanacearum,6,LogisticRegression,432,1728,4096,0.4179,0.0214,0.6286,5
Ralstonia solanacearum,6,RandomForest,432,1728,4096,0.2594,0.0215,0.6397,5
Ralstonia solanacearum,6,ExtraTrees,432,1728,4096,0.2392,0.043,0.642,5
Ralstonia solanacearum,6,AdaBoost,432,1728,4096,0.3944,0.0333,0.6363,5
Ralstonia solanacearum,6,GradientBoosting,432,1728,4096,0.3822,0.0561,0.6463,5
Ralstonia solanacearum,6,XGBoost,432,1728,4096,0.3455,0.0381,0.6419,5
Ralstonia solanacearum,6,CatBoost,432,1728,4096,0.3374,0.0242,0.648,5
Ralstonia solanacearum,6,SVC_RBF,432,1728,4096,0.3659,0.0379,0.6555,5
Ralstonia solanacearum,6,NuSVC,432,1728,4096,0.3603,0.0449,0.6529,5
Ralstonia solanacearum,6,BernoulliNB,432,1728,4096,0.383,0.0252,0.6059,5
Ralstonia solanacearum,6,GaussianNB,432,1728,4096,0.3728,0.0287,0.5776,5
Ralstonia solanacearum,6,KNN,432,1728,4096,0.4275,0.026,0.6174,5
Ralstonia solanacearum,6,MLP,432,1728,4096,0.3764,0.0385,0.6494,5
Spongospora subterranea,2,LogisticRegression,103,412,16,0.4055,0.0686,0.6068,5
Spongospora subterranea,2,RandomForest,103,412,16,0.3148,0.0734,0.5618,5
Spongospora subterranea,2,ExtraTrees,103,412,16,0.3253,0.1046,0.6105,5
Spongospora subterranea,2,AdaBoost,103,412,16,0.3645,0.0515,0.5677,5
Spongospora subterranea,2,GradientBoosting,103,412,16,0.3391,0.1117,0.5396,5
Spongospora subterranea,2,XGBoost,103,412,16,0.355,0.0801,0.5627,5
Spongospora subterranea,2,CatBoost,103,412,16,0.3684,0.0444,0.5652,5
Spongospora subterranea,2,SVC_RBF,103,412,16,0.3818,0.1093,0.6123,5
Spongospora subterranea,2,NuSVC,103,412,16,0.3796,0.1093,0.5956,5
Spongospora subterranea,2,BernoulliNB,103,412,16,0.3432,0.0527,0.5434,5
Spongospora subterranea,2,GaussianNB,103,412,16,0.3845,0.0513,0.607,5
Spongospora subterranea,2,KNN,103,412,16,0.3805,0.0521,0.5486,5
Spongospora subterranea,2,MLP,103,412,16,0.3448,0.0421,0.5847,5
Spongospora subterranea,3,LogisticRegression,103,412,64,0.3646,0.059,0.5844,5
Spongospora subterranea,3,RandomForest,103,412,64,0.2656,0.1087,0.5906,5
Spongospora subterranea,3,ExtraTrees,103,412,64,0.2684,0.0786,0.6121,5
Spongospora subterranea,3,AdaBoost,103,412,64,0.3247,0.0775,0.5961,5
Spongospora subterranea,3,GradientBoosting,103,412,64,0.3371,0.0746,0.6058,5
Spongospora subterranea,3,XGBoost,103,412,64,0.3294,0.1035,0.5615,5
Spongospora subterranea,3,CatBoost,103,412,64,0.3158,0.066,0.5883,5
Spongospora subterranea,3,SVC_RBF,103,412,64,0.3404,0.0885,0.6284,5
Spongospora subterranea,3,NuSVC,103,412,64,0.31,0.1003,0.6239,5
Spongospora subterranea,3,BernoulliNB,103,412,64,0.3308,0.0649,0.5186,5
Spongospora subterranea,3,GaussianNB,103,412,64,0.3436,0.0766,0.6295,5
Spongospora subterranea,3,KNN,103,412,64,0.4212,0.0353,0.5928,5
Spongospora subterranea,3,MLP,103,412,64,0.3427,0.068,0.6062,5
Spongospora subterranea,4,LogisticRegression,103,412,256,0.321,0.1456,0.6005,5
Spongospora subterranea,4,RandomForest,103,412,256,0.2335,0.0902,0.5958,5
Spongospora subterranea,4,ExtraTrees,103,412,256,0.2447,0.0877,0.6435,5
Spongospora subterranea,4,AdaBoost,103,412,256,0.3795,0.1038,0.6153,5
Spongospora subterranea,4,GradientBoosting,103,412,256,0.3216,0.1197,0.593,5
Spongospora subterranea,4,XGBoost,103,412,256,0.2841,0.0988,0.6027,5
Spongospora subterranea,4,CatBoost,103,412,256,0.2641,0.1222,0.6149,5
Spongospora subterranea,4,SVC_RBF,103,412,256,0.3298,0.1027,0.6151,5
Spongospora subterranea,4,NuSVC,103,412,256,0.3258,0.1138,0.6119,5
Spongospora subterranea,4,BernoulliNB,103,412,256,0.3558,0.0705,0.573,5
Spongospora subterranea,4,GaussianNB,103,412,256,0.3994,0.0618,0.6151,5
Spongospora subterranea,4,KNN,103,412,256,0.3809,0.0317,0.5213,5
Spongospora subterranea,4,MLP,103,412,256,0.2951,0.1186,0.615,5
Spongospora subterranea,5,LogisticRegression,103,412,1024,0.3214,0.0601,0.5561,5
Spongospora subterranea,5,RandomForest,103,412,1024,0.3134,0.1375,0.5991,5
Spongospora subterranea,5,ExtraTrees,103,412,1024,0.2807,0.1226,0.6453,5
Spongospora subterranea,5,AdaBoost,103,412,1024,0.3481,0.0925,0.6082,5
Spongospora subterranea,5,GradientBoosting,103,412,1024,0.3611,0.1198,0.6018,5
Spongospora subterranea,5,XGBoost,103,412,1024,0.3205,0.0974,0.5783,5
Spongospora subterranea,5,CatBoost,103,412,1024,0.3351,0.0783,0.6154,5
Spongospora subterranea,5,SVC_RBF,103,412,1024,0.3374,0.0973,0.6016,5
Spongospora subterranea,5,NuSVC,103,412,1024,0.3282,0.0941,0.6015,5
Spongospora subterranea,5,BernoulliNB,103,412,1024,0.3018,0.0677,0.522,5
Spongospora subterranea,5,GaussianNB,103,412,1024,0.3694,0.0795,0.6264,5
Spongospora subterranea,5,KNN,103,412,1024,0.4188,0.0112,0.5601,5
Spongospora subterranea,5,MLP,103,412,1024,0.31,0.1112,0.5939,5
Spongospora subterranea,6,LogisticRegression,103,412,4096,0.3115,0.0631,0.5288,5
Spongospora subterranea,6,RandomForest,103,412,4096,0.328,0.0859,0.6046,5
Spongospora subterranea,6,ExtraTrees,103,412,4096,0.2649,0.0711,0.5898,5
Spongospora subterranea,6,AdaBoost,103,412,4096,0.2813,0.055,0.5278,5
Spongospora subterranea,6,GradientBoosting,103,412,4096,0.2898,0.1049,0.5822,5
Spongospora subterranea,6,XGBoost,103,412,4096,0.2723,0.0971,0.5616,5
Spongospora subterranea,6,CatBoost,103,412,4096,0.3033,0.0675,0.5869,5
Spongospora subterranea,6,SVC_RBF,103,412,4096,0.3433,0.0437,0.5884,5
Spongospora subterranea,6,NuSVC,103,412,4096,0.3337,0.0496,0.5893,5
Spongospora subterranea,6,BernoulliNB,103,412,4096,0.2752,0.0522,0.4969,5
Spongospora subterranea,6,GaussianNB,103,412,4096,0.311,0.0639,0.5726,5
Spongospora subterranea,6,KNN,103,412,4096,0.4138,0.0394,0.6025,5
Spongospora subterranea,6,MLP,103,412,4096,0.284,0.0589,0.5535,5
Streptomyces scabies,2,LogisticRegression,480,1920,16,0.389,0.0298,0.5771,5
Streptomyces scabies,2,RandomForest,480,1920,16,0.3404,0.0326,0.6352,5
Streptomyces scabies,2,ExtraTrees,480,1920,16,0.2997,0.0501,0.6537,5
Streptomyces scabies,2,AdaBoost,480,1920,16,0.4245,0.0221,0.6338,5
Streptomyces scabies,2,GradientBoosting,480,1920,16,0.4214,0.0149,0.6461,5
Streptomyces scabies,2,XGBoost,480,1920,16,0.3469,0.0193,0.628,5
Streptomyces scabies,2,CatBoost,480,1920,16,0.3867,0.0142,0.6435,5
Streptomyces scabies,2,SVC_RBF,480,1920,16,0.4453,0.0202,0.6489,5
Streptomyces scabies,2,NuSVC,480,1920,16,0.4301,0.0192,0.6406,5
Streptomyces scabies,2,BernoulliNB,480,1920,16,0.3844,0.0262,0.5576,5
Streptomyces scabies,2,GaussianNB,480,1920,16,0.4328,0.0262,0.6278,5
Streptomyces scabies,2,KNN,480,1920,16,0.4247,0.0196,0.605,5
Streptomyces scabies,2,MLP,480,1920,16,0.3411,0.0211,0.626,5
Streptomyces scabies,3,LogisticRegression,480,1920,64,0.403,0.0285,0.5902,5
Streptomyces scabies,3,RandomForest,480,1920,64,0.3434,0.0367,0.6647,5
Streptomyces scabies,3,ExtraTrees,480,1920,64,0.3138,0.034,0.6756,5
Streptomyces scabies,3,AdaBoost,480,1920,64,0.4217,0.0211,0.6537,5
Streptomyces scabies,3,GradientBoosting,480,1920,64,0.4139,0.033,0.6584,5
Streptomyces scabies,3,XGBoost,480,1920,64,0.3879,0.0269,0.6808,5
Streptomyces scabies,3,CatBoost,480,1920,64,0.4025,0.0403,0.6743,5
Streptomyces scabies,3,SVC_RBF,480,1920,64,0.4374,0.0279,0.682,5
Streptomyces scabies,3,NuSVC,480,1920,64,0.4376,0.0254,0.6835,5
Streptomyces scabies,3,BernoulliNB,480,1920,64,0.3547,0.0203,0.5612,5
Streptomyces scabies,3,GaussianNB,480,1920,64,0.4254,0.0277,0.6353,5
Streptomyces scabies,3,KNN,480,1920,64,0.4261,0.0143,0.627,5
Streptomyces scabies,3,MLP,480,1920,64,0.3593,0.0344,0.6493,5
Streptomyces scabies,4,LogisticRegression,480,1920,256,0.3947,0.0435,0.5959,5
Streptomyces scabies,4,RandomForest,480,1920,256,0.3129,0.0572,0.6644,5
Streptomyces scabies,4,ExtraTrees,480,1920,256,0.3111,0.0435,0.6811,5
Streptomyces scabies,4,AdaBoost,480,1920,256,0.4156,0.0219,0.6335,5
Streptomyces scabies,4,GradientBoosting,480,1920,256,0.418,0.0332,0.6592,5
Streptomyces scabies,4,XGBoost,480,1920,256,0.3779,0.0211,0.6648,5
Streptomyces scabies,4,CatBoost,480,1920,256,0.3652,0.0263,0.6649,5
Streptomyces scabies,4,SVC_RBF,480,1920,256,0.4356,0.0273,0.6851,5
Streptomyces scabies,4,NuSVC,480,1920,256,0.4288,0.0315,0.6817,5
Streptomyces scabies,4,BernoulliNB,480,1920,256,0.3536,0.027,0.555,5
Streptomyces scabies,4,GaussianNB,480,1920,256,0.43,0.0252,0.6378,5
Streptomyces scabies,4,KNN,480,1920,256,0.4373,0.0098,0.6401,5
Streptomyces scabies,4,MLP,480,1920,256,0.3769,0.0228,0.6422,5
Streptomyces scabies,5,LogisticRegression,480,1920,1024,0.3977,0.0413,0.5944,5
Streptomyces scabies,5,RandomForest,480,1920,1024,0.3369,0.0489,0.6625,5
Streptomyces scabies,5,ExtraTrees,480,1920,1024,0.3136,0.0321,0.6782,5
Streptomyces scabies,5,AdaBoost,480,1920,1024,0.4295,0.0253,0.6592,5
Streptomyces scabies,5,GradientBoosting,480,1920,1024,0.4177,0.0086,0.6739,5
Streptomyces scabies,5,XGBoost,480,1920,1024,0.3802,0.0427,0.6667,5
Streptomyces scabies,5,CatBoost,480,1920,1024,0.383,0.0245,0.6665,5
Streptomyces scabies,5,SVC_RBF,480,1920,1024,0.4358,0.0305,0.6788,5
Streptomyces scabies,5,NuSVC,480,1920,1024,0.4399,0.0349,0.6799,5
Streptomyces scabies,5,BernoulliNB,480,1920,1024,0.3721,0.0464,0.56,5
Streptomyces scabies,5,GaussianNB,480,1920,1024,0.4337,0.0241,0.633,5
Streptomyces scabies,5,KNN,480,1920,1024,0.4365,0.0096,0.6228,5
Streptomyces scabies,5,MLP,480,1920,1024,0.3864,0.0497,0.6532,5
Streptomyces scabies,6,LogisticRegression,480,1920,4096,0.3693,0.0365,0.5852,5
Streptomyces scabies,6,RandomForest,480,1920,4096,0.3386,0.0374,0.6495,5
Streptomyces scabies,6,ExtraTrees,480,1920,4096,0.2765,0.051,0.6496,5
Streptomyces scabies,6,AdaBoost,480,1920,4096,0.3963,0.0254,0.624,5
Streptomyces scabies,6,GradientBoosting,480,1920,4096,0.3914,0.0325,0.6436,5
Streptomyces scabies,6,XGBoost,480,1920,4096,0.3722,0.0389,0.6443,5
Streptomyces scabies,6,CatBoost,480,1920,4096,0.4023,0.024,0.6484,5
Streptomyces scabies,6,SVC_RBF,480,1920,4096,0.4173,0.0338,0.6618,5
Streptomyces scabies,6,NuSVC,480,1920,4096,0.4071,0.0289,0.6604,5
Streptomyces scabies,6,BernoulliNB,480,1920,4096,0.3551,0.0391,0.5518,5
Streptomyces scabies,6,GaussianNB,480,1920,4096,0.4092,0.016,0.6132,5
Streptomyces scabies,6,KNN,480,1920,4096,0.4528,0.0132,0.6369,5
Streptomyces scabies,6,MLP,480,1920,4096,0.356,0.0068,0.6405,5
Synchytrium endobioticum,2,LogisticRegression,306,1224,16,0.4236,0.028,0.6346,5
Synchytrium endobioticum,2,RandomForest,306,1224,16,0.3766,0.0603,0.6848,5
Synchytrium endobioticum,2,ExtraTrees,306,1224,16,0.3538,0.0437,0.6917,5
Synchytrium endobioticum,2,AdaBoost,306,1224,16,0.4465,0.0411,0.6694,5
Synchytrium endobioticum,2,GradientBoosting,306,1224,16,0.4292,0.0503,0.6802,5
Synchytrium endobioticum,2,XGBoost,306,1224,16,0.3958,0.0622,0.6788,5
Synchytrium endobioticum,2,CatBoost,306,1224,16,0.4347,0.0468,0.6774,5
Synchytrium endobioticum,2,SVC_RBF,306,1224,16,0.4743,0.0323,0.6844,5
Synchytrium endobioticum,2,NuSVC,306,1224,16,0.4615,0.0424,0.6763,5
Synchytrium endobioticum,2,BernoulliNB,306,1224,16,0.399,0.0269,0.6146,5
Synchytrium endobioticum,2,GaussianNB,306,1224,16,0.4666,0.0216,0.661,5
Synchytrium endobioticum,2,KNN,306,1224,16,0.4158,0.0484,0.6202,5
Synchytrium endobioticum,2,MLP,306,1224,16,0.3893,0.0297,0.6691,5
Synchytrium endobioticum,3,LogisticRegression,306,1224,64,0.452,0.0441,0.675,5
Synchytrium endobioticum,3,RandomForest,306,1224,64,0.3243,0.0378,0.6867,5
Synchytrium endobioticum,3,ExtraTrees,306,1224,64,0.3421,0.0378,0.716,5
Synchytrium endobioticum,3,AdaBoost,306,1224,64,0.4189,0.0506,0.6509,5
Synchytrium endobioticum,3,GradientBoosting,306,1224,64,0.4177,0.0382,0.6823,5
Synchytrium endobioticum,3,XGBoost,306,1224,64,0.3673,0.0566,0.676,5
Synchytrium endobioticum,3,CatBoost,306,1224,64,0.4199,0.054,0.6932,5
Synchytrium endobioticum,3,SVC_RBF,306,1224,64,0.4789,0.0427,0.7061,5
Synchytrium endobioticum,3,NuSVC,306,1224,64,0.4807,0.0547,0.7055,5
Synchytrium endobioticum,3,BernoulliNB,306,1224,64,0.4219,0.0582,0.6377,5
Synchytrium endobioticum,3,GaussianNB,306,1224,64,0.4627,0.0251,0.6697,5
Synchytrium endobioticum,3,KNN,306,1224,64,0.4293,0.0124,0.6187,5
Synchytrium endobioticum,3,MLP,306,1224,64,0.3886,0.0699,0.6746,5
Synchytrium endobioticum,4,LogisticRegression,306,1224,256,0.4425,0.0434,0.6611,5
Synchytrium endobioticum,4,RandomForest,306,1224,256,0.3237,0.0257,0.6744,5
Synchytrium endobioticum,4,ExtraTrees,306,1224,256,0.3247,0.0317,0.6883,5
Synchytrium endobioticum,4,AdaBoost,306,1224,256,0.4458,0.0269,0.6882,5
Synchytrium endobioticum,4,GradientBoosting,306,1224,256,0.4039,0.0385,0.6808,5
Synchytrium endobioticum,4,XGBoost,306,1224,256,0.3993,0.0419,0.6885,5
Synchytrium endobioticum,4,CatBoost,306,1224,256,0.4044,0.0618,0.6805,5
Synchytrium endobioticum,4,SVC_RBF,306,1224,256,0.4457,0.0298,0.7034,5
Synchytrium endobioticum,4,NuSVC,306,1224,256,0.4474,0.036,0.7011,5
Synchytrium endobioticum,4,BernoulliNB,306,1224,256,0.4325,0.0392,0.6385,5
Synchytrium endobioticum,4,GaussianNB,306,1224,256,0.4436,0.0269,0.6502,5
Synchytrium endobioticum,4,KNN,306,1224,256,0.425,0.0185,0.6212,5
Synchytrium endobioticum,4,MLP,306,1224,256,0.3958,0.0558,0.6776,5
Synchytrium endobioticum,5,LogisticRegression,306,1224,1024,0.4041,0.0258,0.6184,5
Synchytrium endobioticum,5,RandomForest,306,1224,1024,0.3101,0.0341,0.6691,5
Synchytrium endobioticum,5,ExtraTrees,306,1224,1024,0.2837,0.0393,0.6668,5
Synchytrium endobioticum,5,AdaBoost,306,1224,1024,0.4031,0.0289,0.6558,5
Synchytrium endobioticum,5,GradientBoosting,306,1224,1024,0.3966,0.0193,0.6863,5
Synchytrium endobioticum,5,XGBoost,306,1224,1024,0.3778,0.0522,0.6709,5
Synchytrium endobioticum,5,CatBoost,306,1224,1024,0.332,0.0187,0.6547,5
Synchytrium endobioticum,5,SVC_RBF,306,1224,1024,0.3881,0.0261,0.6647,5
Synchytrium endobioticum,5,NuSVC,306,1224,1024,0.3961,0.0393,0.6635,5
Synchytrium endobioticum,5,BernoulliNB,306,1224,1024,0.3956,0.0208,0.6031,5
Synchytrium endobioticum,5,GaussianNB,306,1224,1024,0.4102,0.0068,0.6098,5
Synchytrium endobioticum,5,KNN,306,1224,1024,0.4206,0.0298,0.6037,5
Synchytrium endobioticum,5,MLP,306,1224,1024,0.3106,0.0539,0.6453,5
Synchytrium endobioticum,6,LogisticRegression,306,1224,4096,0.4044,0.0305,0.6139,5
Synchytrium endobioticum,6,RandomForest,306,1224,4096,0.3048,0.0268,0.6473,5
Synchytrium endobioticum,6,ExtraTrees,306,1224,4096,0.2354,0.0357,0.6644,5
Synchytrium endobioticum,6,AdaBoost,306,1224,4096,0.4185,0.0406,0.6548,5
Synchytrium endobioticum,6,GradientBoosting,306,1224,4096,0.4218,0.0322,0.6668,5
Synchytrium endobioticum,6,XGBoost,306,1224,4096,0.3729,0.0348,0.6529,5
Synchytrium endobioticum,6,CatBoost,306,1224,4096,0.3458,0.0233,0.6732,5
Synchytrium endobioticum,6,SVC_RBF,306,1224,4096,0.3786,0.0379,0.6524,5
Synchytrium endobioticum,6,NuSVC,306,1224,4096,0.3712,0.063,0.6485,5
Synchytrium endobioticum,6,BernoulliNB,306,1224,4096,0.395,0.0382,0.6014,5
Synchytrium endobioticum,6,GaussianNB,306,1224,4096,0.3605,0.0323,0.5624,5
Synchytrium endobioticum,6,KNN,306,1224,4096,0.4246,0.0296,0.5901,5
Synchytrium endobioticum,6,MLP,306,1224,4096,0.3206,0.0389,0.6107,5
